CASE_ID,ACCIDENT_YEAR,PROC_DATE,JURIS,COLLISION_DATE,COLLISION_TIME,OFFICER_ID,REPORTING_DISTRICT,DAY_OF_WEEK,CHP_SHIFT,POPULATION,CNTY_CITY_LOC,SPECIAL_COND,BEAT_TYPE,CHP_BEAT_TYPE,CITY_DIVISION_LAPD,CHP_BEAT_CLASS,BEAT_NUMBER,PRIMARY_RD,SECONDARY_RD,DISTANCE,DIRECTION,INTERSECTION,WEATHER_1,WEATHER_2,STATE_HWY_IND,CALTRANS_COUNTY,CALTRANS_DISTRICT,STATE_ROUTE,ROUTE_SUFFIX,POSTMILE_PREFIX,POSTMILE,LOCATION_TYPE,RAMP_INTERSECTION,SIDE_OF_HWY,TOW_AWAY,COLLISION_SEVERITY,NUMBER_KILLED,NUMBER_INJURED,PARTY_COUNT,PRIMARY_COLL_FACTOR,PCF_CODE_OF_VIOL,PCF_VIOL_CATEGORY,PCF_VIOLATION,PCF_VIOL_SUBSECTION,HIT_AND_RUN,TYPE_OF_COLLISION,MVIW,PED_ACTION,ROAD_SURFACE,ROAD_COND_1,ROAD_COND_2,LIGHTING,CONTROL_DEVICE,CHP_ROAD_TYPE,PEDESTRIAN_ACCIDENT,BICYCLE_ACCIDENT,MOTORCYCLE_ACCIDENT,TRUCK_ACCIDENT,NOT_PRIVATE_PROPERTY,ALCOHOL_INVOLVED,STWD_VEHTYPE_AT_FAULT,CHP_VEHTYPE_AT_FAULT,COUNT_SEVERE_INJ,COUNT_VISIBLE_INJ,COUNT_COMPLAINT_PAIN,COUNT_PED_KILLED,COUNT_PED_INJURED,COUNT_BICYCLIST_KILLED,COUNT_BICYCLIST_INJURED,COUNT_MC_KILLED,COUNT_MC_INJURED,PRIMARY_RAMP,SECONDARY_RAMP,LATITUDE,LONGITUDE,COUNTY,CITY,POINT_X,POINT_Y
6202048,2013,2014-04-02,0109,2013-08-24,1906,8903,1,6,5,7,0109,0,0,0,,0,02X,"3RD ST","LINDEN ST",0.00,,Y,A,-,N,,,,,,,,,,N,3,0,1,2,A,-,08,22107,,N,D,G,A,A,H,-,A,D,0,,Y,,,Y,,A,01,0,1,0,0,0,0,1,0,0,-,-,,,ALAMEDA,OAKLAND,-122.2870631,37.8006149
6204943,2013,2014-04-02,0109,2013-08-08,1030,8203,1,4,5,7,0109,0,0,0,,0,08X,"TELEGRAPH AV","27TH ST",0.00,,Y,B,-,N,,,,,,,,,,N,3,0,1,2,A,-,00,2818,,N,H,G,A,A,E,-,A,A,0,,Y,,,Y,,L,04,0,1,0,0,0,0,1,0,0,-,-,,,ALAMEDA,OAKLAND,-122.2679731,37.8161048
6205102,2013,2014-03-11,0109,2013-06-15,1423,9095,1,6,5,7,0109,0,0,0,,0,14X,"GRAND AV","BELLEVUE AV",0.00,,Y,A,-,N,,,,,,,,,,N,4,0,1,2,A,-,09,21802,A,N,H,G,A,A,H,-,A,A,0,,Y,,,Y,,A,01,0,0,1,0,0,0,1,0,0,-,-,,,ALAMEDA,OAKLAND,-122.2604531,37.8105649
6205181,2013,2014-03-18,0109,2013-07-02,1930,8717,2,2,5,7,0109,0,0,0,,0,34X,"AUSEON AV","PLYMOUTH ST",200.00,S,N,A,-,N,,,,,,,,,,N,3,0,1,2,A,-,05,21202,A,N,H,G,A,A,H,-,A,D,0,,Y,,,Y,,L,04,0,1,0,0,0,0,1,0,0,-,-,,,ALAMEDA,OAKLAND,-122.1736011,37.7535185
6206187,2013,2014-03-25,0109,2013-07-01,1852,8410,1,1,5,7,0109,0,0,0,,0,06X,"SAN PABLO AV","34TH ST",150.00,N,N,A,-,N,,,,,,,,,,N,2,0,1,2,A,-,08,22100,A,N,H,G,A,A,H,-,A,D,0,,Y,,,Y,,A,01,1,0,0,0,0,0,1,0,0,-,-,,,ALAMEDA,OAKLAND,-122.2782269,37.8255809
6206191,2013,2014-03-25,0109,2013-07-23,1745,8817,2,2,5,7,0109,0,0,0,,0,31Z,"105TH AV","EDES AV",0.00,,Y,A,-,N,,,,,,,,,,N,3,0,1,2,A,-,12,22450,A,N,H,G,A,A,H,-,A,A,0,,Y,,,Y,,A,01,0,1,0,0,0,0,1,0,0,-,-,,,ALAMEDA,OAKLAND,-122.1783232,37.7333049
6206219,2013,2014-03-24,0109,2013-07-01,0855,8051,1,1,5,7,0109,0,0,0,,0,07X,"34TH ST",PERALTA,0.00,,Y,A,-,N,,,,,,,,,,N,3,0,1,2,A,-,05,21650,1,N,H,G,A,A,H,-,A,A,0,,Y,,,Y,Y,L,04,0,1,0,0,0,0,1,0,0,-,-,,,ALAMEDA,OAKLAND,-122.2823532,37.8259349
6207915,2013,2013-11-25,0109,2013-08-12,1530,8366,1,1,5,7,0109,0,0,0,,0,14X,"MACARTHUR BL","LAKESHORE AV",0.00,,Y,A,-,N,,,,,,,,,,N,4,0,1,2,A,-,05,21650,1,N,H,G,A,A,H,-,A,A,0,,Y,,,Y,,L,04,0,0,1,0,0,0,1,0,0,-,-,,,ALAMEDA,OAKLAND,-122.2468631,37.8094949
6211051,2013,2014-03-14,0109,2013-07-31,1335,7725,1,3,5,7,0109,0,0,0,,0,07X,"ADELINE ST","28TH ST",100.00,,N,A,-,N,,,,,,,,,,N,4,0,1,2,A,-,05,21650,1,N,B,G,A,A,H,-,A,D,0,,Y,,,Y,,L,04,0,0,1,0,0,0,1,0,0,-,-,,,ALAMEDA,OAKLAND,0,0
6213747,2013,2014-04-07,0109,2013-08-16,1327,9091,1,5,5,7,0109,0,0,0,,0,02X,"MANDELA PKWY","8TH ST",120.00,S,N,A,-,N,,,,,,,,,,N,4,0,1,2,A,-,17,21663,,N,H,G,A,A,H,-,A,A,0,,Y,,,Y,,L,04,0,0,1,0,0,0,1,0,0,-,-,,,ALAMEDA,OAKLAND,-122.2934152,37.8058124
6215358,2013,2014-04-11,9335,2013-09-03,1720,18804,,2,2,7,0109,0,1,1,,1,082,"BAY BR PED BIKE PATH","CALL BX ALA 80 10B",200.00,E,N,A,-,N,,,,,,,,,,N,4,0,1,2,C,-,18,,,N,C,G,F,A,H,-,A,D,0,Y,Y,,,Y,,-,-,0,0,1,0,1,0,0,0,0,-,-,37.82222,-122.3203,ALAMEDA,OAKLAND,0,0
6218118,2013,2014-03-17,0109,2013-07-27,1320,8316,1,6,5,7,0109,0,0,0,,0,03X,"OAK ST","6TH ST",0.00,,Y,A,-,N,,,,,,,,,,N,4,0,1,2,A,-,12,21453,A,N,H,G,A,A,H,-,A,A,0,,Y,,,Y,,L,04,0,0,1,0,0,0,1,0,0,-,-,,,ALAMEDA,OAKLAND,-122.2663631,37.7955649
6219245,2013,2014-04-08,9335,2013-09-04,1650,18804,,3,2,7,0109,0,1,1,,2,084,"BAY BRIDGE PEDESTRIAN BICYCLY PATH","CALL COX AL 80 10B",400.00,W,N,A,-,N,,,,,,,,,,N,2,0,1,1,B,-,22,,,N,F,A,A,A,H,-,A,D,0,,Y,,,Y,,L,04,1,0,0,0,0,0,1,0,0,-,-,37.8216,-122.32563,ALAMEDA,OAKLAND,0,0
6223973,2013,2014-03-29,0109,2013-08-12,0811,8776,1,1,5,7,0109,0,0,0,,0,14X,"GRAND AV","PARK VIEW TER",0.00,,Y,B,-,N,,,,,,,,,,N,4,0,1,2,A,-,12,21453,A,N,H,G,A,A,H,-,A,A,0,,Y,,,Y,,L,04,0,0,1,0,0,0,1,0,0,-,-,,,ALAMEDA,OAKLAND,-122.2594231,37.8098049
6223977,2013,2014-03-29,0109,2013-08-14,1810,8077,1,3,5,7,0109,0,0,0,,0,18X,"21ST AV","SONOMA WY",0.00,,Y,A,-,N,,,,,,,,,,N,4,0,1,2,A,-,12,22450,A,N,H,G,A,A,H,-,A,A,0,,Y,,,Y,,L,04,0,0,1,0,0,0,1,0,0,-,-,,,ALAMEDA,OAKLAND,-122.2354131,37.7889849
6226977,2013,2014-02-22,0109,2013-05-14,1530,8480,2,2,5,7,0109,0,0,0,,0,23X,"35TH AV","12TH ST",0.00,,Y,A,-,N,,,,,,,,,,N,3,0,2,2,A,-,12,21453,A,N,H,B,B,A,H,-,A,A,0,Y,Y,,,Y,,L,04,0,1,1,0,1,0,1,0,0,-,-,,,ALAMEDA,OAKLAND,-122.2231332,37.7755749
6234254,2013,2014-04-02,0109,2013-08-21,1910,8343,1,3,5,7,0109,0,0,0,,0,13Y,"SKYLINE BL","SKYLINE BL 6059",42.00,N,N,B,-,N,,,,,,,,,,N,4,0,1,2,A,-,08,22107,,N,B,G,A,A,H,-,B,D,0,,Y,,,Y,,A,07,0,0,1,0,0,0,1,0,0,-,-,,,ALAMEDA,OAKLAND,0,0
6237001,2013,2014-04-10,0109,2013-09-13,1700,8949,1,5,5,7,0109,0,0,0,,0,06X,"WEST ST","35TH ST",0.00,,Y,A,-,N,,,,,,,,,,N,3,0,1,2,A,-,08,22107,,M,G,G,A,A,H,-,A,A,0,,Y,,,Y,,A,08,0,1,0,0,0,0,1,0,0,-,-,,,ALAMEDA,OAKLAND,-122.2724131,37.8247749
6242097,2013,2014-04-14,0109,2013-09-14,1718,8606,1,6,5,7,0109,0,0,0,,0,12X,"41ST ST","TELEGRAPH ST",200.00,E,N,A,-,N,,,,,,,,,,N,2,0,1,2,A,-,08,22107,,F,B,G,A,A,H,-,A,A,0,,Y,,,Y,,A,01,1,0,0,0,0,0,1,0,0,-,-,,,ALAMEDA,OAKLAND,-122.2636041,37.8298367
6242506,2013,2014-03-27,0109,2013-08-01,1310,8203,1,4,5,7,0109,0,0,0,,0,07X,"ADELINE ST","34TH ST",5.00,N,N,A,-,N,,,,,,,,,,N,4,0,1,2,A,-,08,22107,,N,H,G,A,A,H,-,A,D,0,,Y,,,Y,,D,22,0,0,1,0,0,0,1,0,0,-,-,,,ALAMEDA,OAKLAND,-122.2804284,37.8254881
6246006,2013,2014-04-05,0109,2013-08-22,1823,7732,1,4,5,7,0109,0,0,0,,0,08X,"TELEGRAPH AV","SYCAMORE ST",25.00,N,N,A,-,N,,,,,,,,,,N,3,0,1,2,A,-,17,22517,,N,H,G,A,A,H,-,B,D,0,,Y,,,Y,,A,01,0,1,0,0,0,0,1,0,0,-,-,,,ALAMEDA,OAKLAND,-122.2682176,37.8150925
6246217,2013,2014-02-22,0109,2013-05-22,1910,7591,1,3,5,7,0109,0,0,0,,0,01X,"EMBARCADERO W","ALICE ST",200.00,E,N,A,-,N,,,,,,,,,,N,3,0,1,2,A,-,09,21801,A,N,H,G,A,A,H,-,A,D,0,,Y,,,Y,,A,07,0,1,0,0,0,0,1,0,0,-,-,,,ALAMEDA,OAKLAND,-122.2714762,37.7931519
6260244,2013,2014-04-14,0109,2013-08-01,1923,9137,2,4,5,7,0109,0,0,0,,0,29X,"CAMDEN ST","60TH AV",10.00,W,N,A,-,N,,,,,,,,,,N,4,0,1,2,A,-,03,22350,,M,H,G,A,A,H,-,A,A,0,,Y,,,Y,,L,04,0,0,1,0,0,0,1,0,0,-,-,,,ALAMEDA,OAKLAND,-122.1847158,37.7748358
6260300,2013,2014-03-27,0109,2013-08-20,1920,8397,1,2,5,7,0109,0,0,0,,0,10X,"59TH ST","MARTIN LUTHER KING JR WY",0.00,,Y,A,-,N,,,,,,,,,,N,3,0,1,2,D,-,00,,,M,D,G,A,A,H,-,A,A,0,,Y,,,Y,,-,-,0,1,0,0,0,0,1,0,0,-,-,,,ALAMEDA,OAKLAND,-122.2707731,37.8442349
6262865,2013,2014-04-14,0109,2013-09-03,1302,8339,1,2,5,7,0109,0,0,0,,0,05X,"PERALTA ST","W GRAND AV",84.00,S,N,A,-,N,,,,,,,,,,N,3,0,1,2,A,-,05,21202,A,N,B,G,A,A,H,-,A,D,0,,Y,,,Y,,L,04,0,1,0,0,0,0,1,0,0,-,-,,,ALAMEDA,OAKLAND,-122.2898491,37.8166353
6262869,2013,2014-04-14,0109,2013-09-16,1626,8339,1,1,5,7,0109,0,0,0,,0,10X,"43RD ST","MARTIN LUTHER KING JR WY",306.00,W,N,A,-,N,,,,,,,,,,N,3,0,1,2,A,-,10,21952,,N,H,G,A,A,H,-,A,D,0,,Y,,,Y,,A,07,0,1,0,0,0,0,1,0,0,-,-,,,ALAMEDA,OAKLAND,-122.2689014,37.8323339
6265805,2013,2014-04-22,0109,2013-10-30,1530,8397,1,3,5,7,0109,0,0,0,,0,10X,"STANFORD AV","LOWELL ST",0.00,,Y,A,-,N,,,,,,,,,,N,4,0,1,2,A,-,12,22450,A,M,D,G,A,A,H,-,A,A,0,,Y,,,Y,,A,08,0,0,1,0,0,0,1,0,0,-,-,,,ALAMEDA,OAKLAND,-122.2770932,37.843335
6270003,2013,2014-03-29,0109,2013-08-24,1705,9054,1,6,5,7,0109,0,0,0,,0,13Y,"GRIZZLY PEAK BL","CENTENNIAL DR",4224.00,E,N,A,-,N,,,,,,,,,,N,4,0,2,3,A,-,05,21460,A,N,H,G,A,A,H,-,A,D,0,,Y,Y,,Y,,C,02,0,0,2,0,0,0,1,0,1,-,-,,,ALAMEDA,OAKLAND,0,0
6270007,2013,2014-03-29,0109,2013-08-20,1747,8284,1,2,5,7,0109,0,0,0,,0,07X,"MANDELA PKWY","HORTON ST",0.00,,Y,A,-,N,,,,,,,,,,N,3,0,1,2,A,-,09,21800,A,N,H,G,A,A,H,-,A,A,0,,Y,,,Y,,A,01,0,1,0,0,0,0,1,0,0,-,-,,,ALAMEDA,OAKLAND,0,0
6270047,2013,2014-03-26,0109,2013-08-17,2346,9110,1,6,5,7,0109,0,0,0,,0,12X,"TELEGRAPH AV","56TH ST",0.00,,Y,A,-,N,,,,,,,,,,N,2,0,1,2,A,-,09,21801,A,N,H,G,A,A,H,-,B,A,0,,Y,,,Y,,L,04,1,0,0,0,0,0,1,0,0,-,-,,,ALAMEDA,OAKLAND,-122.2618232,37.8409449
6270051,2013,2014-03-26,0109,2013-08-14,1815,8343,1,3,5,7,0109,0,0,0,,0,12Y,"TELEGRAPH AV","41ST ST",60.00,S,N,A,-,N,,,,,,,,,,N,4,0,1,2,A,-,17,22517,,N,H,G,A,A,H,-,A,D,0,,Y,,,Y,,A,01,0,0,1,0,0,0,1,0,0,-,-,,,ALAMEDA,OAKLAND,-122.2643236,37.8297833
6270120,2013,2014-02-12,0109,2013-04-24,2340,8100,1,3,5,7,0109,0,0,0,,0,03Y,"14TH ST","JACKSON ST",0.00,,Y,A,-,N,,,,,,,,,,N,3,0,1,2,A,-,09,21802,A,M,H,G,A,A,H,-,C,A,0,,Y,,,Y,,A,01,0,1,0,0,0,0,1,0,0,-,-,,,ALAMEDA,OAKLAND,-122.2652931,37.8020149
6278388,2013,2014-05-06,0109,2013-11-15,0825,8155,2,5,5,7,0109,0,0,0,,0,29X,"BRANN ST","CAMDEN ST",0.00,,Y,A,-,N,,,,,,,,,,N,4,0,1,2,A,-,08,22107,,M,H,G,A,A,H,-,A,A,0,,Y,,,Y,,A,01,0,0,1,0,0,0,1,0,0,-,-,,,ALAMEDA,OAKLAND,-122.1816831,37.7711049
6282079,2013,2014-05-05,0109,2013-11-02,0710,8483,1,6,5,7,0109,0,0,0,,0,09X,"PIEDMONT AV","PLEASANT VALLEY AV",0.00,,Y,A,-,N,,,,,,,,,,N,3,0,1,2,D,-,00,,,N,H,G,A,A,H,-,A,A,0,,Y,,,Y,,-,-,0,1,0,0,0,0,1,0,0,-,-,,,ALAMEDA,OAKLAND,-122.2474232,37.8302049
6284914,2013,2014-05-05,0109,2013-11-02,1050,8695,1,6,5,7,0109,0,0,0,,0,20X,"FRUITVALE AV","15TH ST",0.00,,Y,A,-,N,,,,,,,,,,N,2,0,1,2,A,-,17,22517,,N,H,G,A,A,H,-,A,A,0,,Y,,,Y,,A,08,1,0,0,0,0,0,1,0,0,-,-,,,ALAMEDA,OAKLAND,-122.2252931,37.7787649
6288262,2013,2014-04-16,0109,2013-09-14,0206,8390,1,6,5,7,0109,0,0,0,,0,12X,"51ST ST","TELEGRAPH AV",0.00,,Y,A,-,N,,,,,,,,,,N,4,0,1,2,A,-,12,21453,A,N,H,G,A,A,H,-,C,A,0,,Y,,,Y,,L,04,0,0,1,0,0,0,1,0,0,-,-,,,ALAMEDA,OAKLAND,-122.2623231,37.837195
6288273,2013,2014-03-26,0109,2013-08-30,1809,8234,2,5,5,7,0109,0,0,0,,0,26X,"HIGH ST","SAN LEANDRO ST",0.00,,Y,A,-,N,,,,,,,,,,N,2,0,1,2,A,-,09,21801,A,N,H,G,A,A,H,-,A,A,0,,Y,,,Y,,A,01,1,0,0,0,0,0,1,0,0,-,-,,,ALAMEDA,OAKLAND,-122.2171631,37.7706548
6288466,2013,2014-05-09,0109,2013-11-12,0602,9199,1,2,5,7,0109,0,0,0,,0,08X,"27TH ST","NORTHGATE AV",0.00,,Y,A,-,N,,,,,,,,,,N,3,0,1,2,A,-,12,21453,A,N,H,G,A,A,H,-,C,A,0,,Y,,,Y,,L,04,0,1,0,0,0,0,1,0,0,-,-,,,ALAMEDA,OAKLAND,-122.2710731,37.8168449
6290917,2013,2015-01-12,0109,2013-03-23,2220,7884,1,6,5,7,0109,0,0,0,,0,07X,"PERALTA ST","28TH ST",120.00,S,N,A,-,N,,,,,,,,,,Y,1,1,0,2,A,-,01,23152,A,F,H,G,A,A,H,-,C,D,0,,Y,,,Y,Y,A,01,0,0,0,0,0,1,0,0,0,-,-,,,ALAMEDA,OAKLAND,-122.2863853,37.8208463
6291045,2013,2014-07-30,0109,2013-12-17,1816,8903,,2,5,7,0109,0,0,0,,0,01X,"5TH ST","MARKET ST",0.00,,Y,A,-,N,,,,,,,,,,Y,1,1,0,2,D,-,00,,,N,H,G,A,A,H,-,C,A,0,,Y,,Y,Y,,-,-,0,0,0,0,0,1,0,0,0,-,-,,,ALAMEDA,OAKLAND,-122.2834431,37.8014049
6292880,2015,2016-03-11,0109,2015-02-24,1637,8658,2,2,5,7,0109,0,0,0,,0,31X,"SAN LEANDRO ST","PRUNE ST",1.00,S,N,A,-,N,,,,,,,,,,Y,1,1,0,2,A,-,05,21650,1,N,H,G,A,A,H,-,A,A,0,,Y,,,Y,,L,04,0,0,0,0,0,1,0,0,0,-,-,,,ALAMEDA,OAKLAND,-122.17905759,37.73859803
6293470,2013,2014-05-14,0109,2013-11-04,1525,8681,1,1,5,7,0109,0,0,0,,0,06X,"SAN PABLO AV","27TH ST",30.00,N,N,A,-,N,,,,,,,,,,N,4,0,1,2,A,-,09,21801,A,M,D,G,A,A,H,-,B,A,0,,Y,,,Y,,A,01,0,0,1,0,0,0,1,0,0,-,-,,,ALAMEDA,OAKLAND,-122.2757798,37.8179446
6294523,2013,2014-04-16,0109,2013-09-13,1757,7591,1,5,5,7,0109,0,0,0,,0,05X,"W GRAND AV","MARTIN LUTHER KING WY",0.00,,Y,A,-,N,,,,,,,,,,N,3,0,1,2,A,-,09,21801,A,N,D,G,A,A,H,-,A,A,0,,Y,,Y,Y,,F,26,0,1,0,0,0,0,1,0,0,-,-,,,ALAMEDA,OAKLAND,-122.2728131,37.8125849
6298724,2013,2014-04-02,0109,2013-08-28,1605,8961,1,3,5,7,0109,0,0,0,,0,04X,"HARRISON ST","20TH ST",159.00,S,N,A,-,N,,,,,,,,,,N,3,0,1,3,A,-,21,22106,,N,H,G,A,A,H,-,A,D,0,,Y,,,Y,,A,01,0,1,0,0,0,0,1,0,0,-,-,,,ALAMEDA,OAKLAND,-122.2648276,37.8075749
6298790,2013,2014-04-16,0109,2013-09-28,2349,9089,1,6,5,7,0109,0,0,0,,0,11X,"AILEEN ST","SHATTUCK AV",50.00,W,N,A,-,N,,,,,,,,,,N,4,0,1,2,A,-,08,22107,,M,H,G,A,A,-,-,C,D,0,,Y,,,Y,Y,A,01,0,0,1,0,0,0,1,0,0,-,-,,,ALAMEDA,OAKLAND,-122.2649644,37.8419843
6298794,2013,2014-04-16,0109,2013-09-21,2010,8681,1,6,5,7,0109,0,0,0,,0,06X,"MARTIN LUTHER KING JR WY","34TH ST",0.00,,Y,A,-,N,,,,,,,,,,N,3,0,1,2,A,-,12,21453,A,N,H,G,A,A,H,-,C,A,0,,Y,,,Y,,L,04,0,1,0,0,0,0,1,0,0,-,-,,,ALAMEDA,OAKLAND,-122.2700831,37.8233649
6299445,2013,2014-04-21,0109,2013-10-03,1842,9171,1,4,5,7,0109,0,0,0,,0,10Y,"GENOA ST","54TH ST",0.00,,Y,A,-,N,,,,,,,,,,N,3,0,1,2,A,-,09,21802,A,N,D,G,A,A,H,-,B,A,0,,Y,,,Y,,A,01,0,1,0,0,0,0,1,0,0,-,-,,,ALAMEDA,OAKLAND,-122.2715732,37.8386348
6305758,2013,2014-05-15,0109,2013-12-02,1230,7884,1,1,5,7,0109,0,0,0,,0,15X,"INTERNATIONAL BL","LAKE MERRITT BL",0.00,,Y,A,-,N,,,,,,,,,,N,4,0,1,2,D,-,00,,,N,H,G,A,A,D,-,A,A,0,,Y,,Y,Y,,-,-,0,0,1,0,0,0,1,0,0,-,-,,,ALAMEDA,OAKLAND,0,0
6306163,2013,2014-04-22,0109,2013-09-05,1012,9090,2,4,5,7,0109,0,0,0,,0,23X,"42ND AV","SAN LEANDRO ST",150.00,N,N,A,-,N,,,,,,,,,,N,3,0,1,2,D,-,00,,,M,H,G,A,A,H,-,A,D,0,,Y,,,Y,,-,-,0,1,0,0,0,0,1,0,0,-,-,,,ALAMEDA,OAKLAND,0,0
6306174,2013,2014-04-23,0109,2013-09-19,0740,8073,1,4,5,7,0109,0,0,0,,0,20X,"FOOTHILL BL","26TH AV",0.00,,Y,A,-,N,,,,,,,,,,N,3,0,1,2,A,-,09,21801,A,M,D,G,A,A,H,-,A,D,0,,Y,,,Y,,-,99,0,1,0,0,0,0,1,0,0,-,-,,,ALAMEDA,OAKLAND,-122.2290032,37.7845749
6317553,2013,2014-05-22,0109,2013-11-30,1610,9109,1,6,5,7,0109,0,0,0,,0,04X,"LAKESIDE DR","14TH ST",141.00,N,N,F,-,N,,,,,,,,,,N,4,0,1,2,A,-,08,22107,,F,B,G,A,A,H,-,A,A,0,,Y,,,Y,,-,99,0,0,1,0,0,0,1,0,0,-,-,,,ALAMEDA,OAKLAND,-122.2627214,37.80142
6322724,2013,2014-05-27,0109,2013-12-03,1000,8959,1,2,5,7,0109,0,0,0,,0,20X,"FOOTHILL BL","MITCHELL ST",5.00,W,N,B,-,N,,,,,,,,,,N,4,0,1,2,D,-,00,,,M,H,G,A,A,H,-,A,D,0,,Y,,,Y,,-,-,0,0,1,0,0,0,1,0,0,-,-,,,ALAMEDA,OAKLAND,-122.2269704,37.784436
6324016,2013,2014-05-13,0109,2013-11-08,1008,9172,1,5,5,7,0109,0,0,0,,0,07X,"ADELINE ST","30TH ST",0.00,,Y,A,-,N,,,,,,,,,,N,3,0,1,2,A,-,12,22450,A,N,H,G,A,A,H,-,A,A,0,,Y,,,Y,,L,04,0,1,0,0,0,0,1,0,0,-,-,,,ALAMEDA,OAKLAND,-122.2816731,37.8220049
6327297,2013,2014-04-22,0109,2013-09-20,2301,8973,1,5,5,7,0109,0,0,0,,0,06X,"27TH ST","WEST ST",10.00,E,N,A,-,N,,,,,,,,,,N,4,0,1,2,A,-,03,22350,,M,H,G,A,A,H,-,C,A,0,,Y,,,Y,,A,07,0,0,1,0,0,0,1,0,0,-,-,,,ALAMEDA,OAKLAND,-122.2742191,37.81741
6327301,2013,2014-04-22,0109,2013-09-25,1900,8343,1,3,5,7,0109,0,0,0,,0,12Y,"FOREST ST","OAK GROVE AV",92.00,W,N,A,-,N,,,,,,,,,,N,4,0,1,2,A,-,03,22350,,N,B,G,A,A,H,-,C,D,0,,Y,,,Y,,L,04,0,0,1,0,0,0,1,0,0,-,-,,,ALAMEDA,OAKLAND,-122.2555399,37.8443233
6327876,2013,2014-04-17,0109,2013-09-13,0900,9073,1,5,5,7,0109,0,0,0,,0,10X,"MARKET ST","62ND ST",0.00,,Y,B,-,N,,,,,,,,,,N,4,0,1,2,A,-,09,21802,A,N,H,G,A,A,H,-,A,A,0,,Y,,,Y,,L,04,0,0,1,0,0,0,1,0,0,-,-,,,ALAMEDA,OAKLAND,-122.2768331,37.8461949
6327919,2013,2014-04-17,0109,2013-09-18,1518,9097,2,3,5,7,0109,0,0,0,,0,27X,"64TH AV","INTERNATIONAL BL",0.00,,Y,A,-,N,,,,,,,,,,N,4,0,1,2,A,-,08,22100,A,N,H,G,A,A,H,-,A,D,0,,Y,,,Y,,A,01,0,0,1,0,0,0,1,0,0,-,-,,,ALAMEDA,OAKLAND,-122.1957932,37.7633249
6332228,2013,2014-04-23,0109,2013-10-28,0750,8235,1,1,5,7,0109,0,0,0,,0,04X,"SAN PABLO AV","16TH ST",80.00,N,N,A,-,Y,,,,,,,,,,N,4,0,1,2,A,-,03,22350,,N,H,G,A,A,H,-,A,A,0,,Y,,,Y,,L,04,0,0,1,0,0,0,1,0,0,-,-,,,ALAMEDA,OAKLAND,-122.2720703,37.8065263
6332240,2013,2014-04-23,0109,2013-10-16,1655,9122,2,3,5,7,0109,0,0,0,,0,,"INTERNATIONAL BL","35TH AV",0.00,,Y,A,-,N,,,,,,,,,,N,3,0,1,2,A,-,08,22107,,N,B,G,A,A,H,-,A,A,0,,Y,,,Y,,A,07,0,1,0,0,0,0,1,0,0,-,-,,,ALAMEDA,OAKLAND,-122.2227332,37.7760949
6332253,2013,2014-04-23,0109,2013-10-20,1807,9127,1,7,5,7,0109,0,0,0,,0,04X,"LAKESIDE DR","17TH ST",0.00,,Y,A,-,N,,,,,,,,,,N,4,0,1,2,B,-,22,,,N,B,G,A,A,H,-,A,D,0,,Y,,,Y,,L,04,0,0,1,0,0,0,1,0,0,-,-,,,ALAMEDA,OAKLAND,-122.2612031,37.803695
6332262,2013,2014-05-27,0109,2013-11-05,0705,8427,1,2,5,7,0109,0,0,0,,0,04X,"TELEGRAPH AV","20TH ST",0.00,,Y,A,-,N,,,,,,,,,,N,4,0,1,2,A,-,08,22100,B,N,H,G,A,A,H,-,A,A,0,,Y,,,Y,,L,04,0,0,1,0,0,0,1,0,0,-,-,,,ALAMEDA,OAKLAND,-122.2696231,37.8095649
6332323,2013,2014-06-25,0109,2013-12-22,1116,8073,1,7,5,7,0109,0,0,0,,0,12X,"45TH ST","WEBSTER ST",0.00,,Y,A,-,N,,,,,,,,,,N,4,0,1,2,A,-,12,22450,A,N,D,G,A,A,H,-,A,A,0,,Y,,,Y,,-,-,0,0,1,0,0,0,1,0,0,-,-,,,ALAMEDA,OAKLAND,-122.2601132,37.8333249
6338079,2013,2014-01-25,0109,2013-01-06,2326,8913,1,7,5,7,0109,0,0,0,,0,15X,"PARK BL","E 20TH ST",80.00,S,N,A,-,N,,,,,,,,,,N,3,0,1,2,A,-,05,21650,1,N,H,G,A,A,H,-,C,D,0,,Y,,,Y,,L,04,0,1,0,0,0,0,1,0,0,-,-,,,ALAMEDA,OAKLAND,-122.2491659,37.8002654
6342886,2013,2014-04-26,0109,2013-10-09,0839,7725,1,3,5,7,0109,0,0,0,,0,04X,"JEFFERSON ST","17TH ST",130.00,N,N,A,-,N,,,,,,,,,,N,4,0,1,2,A,-,08,22107,,N,B,G,A,A,H,-,A,D,0,,Y,,,Y,,L,04,0,0,1,0,0,0,1,0,0,-,-,,,ALAMEDA,OAKLAND,-122.2733899,37.8079436